<?xml version="1.0" encoding="UTF-8"?>
<project-private xmlns="http://www.netbeans.org/ns/project-private/1">
    <editor-bookmarks xmlns="http://www.netbeans.org/ns/editor-bookmarks/2" lastBookmarkId="0"/>
    <open-files xmlns="http://www.netbeans.org/ns/projectui-open-files/2">
        <group>
            <file>file:/C:/Users/user/Documents/y3s1/aplc/APLC/src/Task1/XlsxReader.java</file>
            <file>file:/C:/Users/user/Documents/y3s1/aplc/APLC/src/Task1/Task1a.java</file>
            <file>file:/C:/Users/user/Documents/y3s1/aplc/APLC/src/Task1/Task1b.java</file>
            <file>file:/C:/Users/user/Documents/y3s1/aplc/APLC/src/aplc/gui/OverallFrame.java</file>
            <file>file:/C:/Users/user/Documents/y3s1/aplc/APLC/src/Task1/ProjectWork.java</file>
        </group>
    </open-files>
</project-private>
